SUBURB_TOWN_NAME,UNIVERSITY_CAMPUS_LAT,UNIVERSITY_CAMPUS_LONG,CAMPUS_TRADING_NAME,CAMPUS_NAME
MELBOURNE,-37.816356,144.954986,AAPoly__Melbourne_Campus_Distance,"AAPoly, Melbourne Campus"
MELBOURNE,-37.813023,144.960624,Academia_International__Melbourne_Campus_Distance,"Academia International, Melbourne Campus"
MELBOURNE,-37.8164,144.9666,Acumen_Institute_of_Further_Education__CBD_Campus_Distance,"Acumen Institute of Further Education, CBD Campus"
RICHMOND,-37.81088,144.99191,Acumen_Institute_of_Further_Education__Richmond_Campus_Distance,"Acumen Institute of Further Education, Richmond Campus"
SOUTH GEELONG,-38.1645,144.356,AGB_Training__Geelong_Campus_Distance,"AGB Training, Geelong Campus"
PRESTON,-37.746478,145.005314,ALACC_Health_College__Australia_Distance,"ALACC Health College, Australia"
WAURN PONDS,-38.195617,144.304964,Alfred_Deakin_College_(MIBT)__Waurn_Ponds_Campus_Distance,"Alfred Deakin College (MIBT), Waurn Ponds Campus"
MELBOURNE,-37.848102,144.979039,ALTEC_College__Melbourne_Campus_Distance,"ALTEC College, Melbourne Campus"
MELBOURNE,-37.813758,144.95733,Angad_Australian_Institute_of_Technology__La_Trobe_st_Campus_Distance,"Angad Australian Institute of Technology, La Trobe st Campus"
MELBOURNE,-37.811894,144.969874,AOI_Institute_Distance,AOI Institute
FOOTSCRAY,-37.803653,144.89905,Ashton_College__Footscray_Campus_Distance,"Ashton College, Footscray Campus"
HALLAM,-38.018682,145.270307,Ashton_College__Hallam_Campus_Distance,"Ashton College, Hallam Campus"
FOOTSCRAY,-37.800746,144.898003,Ashton_College__Hospitality_Campus_Distance,"Ashton College, Hospitality Campus"
NORTHCOTE,-37.766705,144.986665,Ashton_College__Northcote_Campus_Distance,"Ashton College, Northcote Campus"
MELBOURNE,-37.817414,144.955623,Australian_Academy_of_Fashion_Design_Distance,Australian Academy of Fashion Design
BRUNSWICK EAST,-37.758965,144.977737,Australian_Careers_Education__Donald_Street_Campus_(Aurora_Building)_Distance,"Australian Careers Education, Donald Street Campus (Aurora Building)"
BRUNSWICK,-37.766402,144.95802,Australian_Careers_Education__Victoria_Street_Campus_Distance,"Australian Careers Education, Victoria Street Campus"
FITZROY,-37.808105,144.978268,Australian_Catholic_Univeristy__Melbourne_Campus_Distance,"Australian Catholic Univeristy, Melbourne Campus"
LAKE WENDOUREE,-37.557726,143.844259,Australian_Catholic_University__Ballarat_Campus_Distance,"Australian Catholic University, Ballarat Campus"
MELBOURNE,-37.810371,144.958136,Australian_Centre_of_Further_Education_Distance,Australian Centre of Further Education
MELBOURNE,-37.810644,144.96871,Australian_College_of_Applied_Psychology__ACAP_-_Melbourne_Campus_Distance,"Australian College of Applied Psychology, ACAP - Melbourne Campus"
MELBOURNE,-37.8251,144.972,Australian_College_of_Sport__Basketball__Melbourne_Campus_Distance,"Australian College of Sport, Basketball, Melbourne Campus"
BOX HILL NORTH,-37.859748,145.209116,Australian_College_of_Theology_Distance,Australian College of Theology
THORNBURY,-37.754796,145.001042,Australian_College_of_Trade__Thornbury_Campus_Distance,"Australian College of Trade, Thornbury Campus"
SPRINGVALE,-37.934002,145.151509,Australian_Education_Academy__10_Blissington_Street__Springvale_Distance,"Australian Education Academy ,10 Blissington Street, Springvale"
MELBOURNE,-37.819284,144.958052,Australian_Institute_of_Technical_Training__(AITT)__Melbourne_Campus_Distance,"Australian Institute of Technical Training  (AITT), Melbourne Campus"
RICHMOND,-37.8183,144.998,Australian_Institute_of_Trades__Institute_of_Hotel_Management_Australia_Distance,"Australian Institute of Trades, Institute of Hotel Management Australia"
MELBOURNE,-37.817727,144.961662,Australian_Institute_of_Translation___Interpretation_(AITI)__Melbourne_Campus_Distance,"Australian Institute of Translation & Interpretation (AITI), Melbourne Campus"
FOOTSCRAY,-37.8006,144.896,Australian_IT___Hospitality_Institute__Footscray_Campus_Distance,"Australian IT & Hospitality Institute, Footscray Campus"
MOORABBIN AIRPORT,-37.976225,145.092803,Australian_National_Airline_College_Distance,Australian National Airline College
MELBOURNE,-37.807405,144.960799,Australian_National_College__Franklin_Street_Campus_Distance,"Australian National College, Franklin Street Campus"
BRUNSWICK,-37.819741,144.958281,Australian_National_Institute_of_Business___Technology_(ANIBT)__Melbourne_Campus_Distance,"Australian National Institute of Business & Technology (ANIBT), Melbourne Campus"
MELBOURNE,-37.812264,144.960538,Australian_Pacific_College__Melbourne_Campus_Distance,"Australian Pacific College, Melbourne Campus"
THORNBURY,-37.809831,144.971403,Australian_Study_Link_Institute_Distance,Australian Study Link Institute
MELBOURNE,-37.817738,144.961648,AVETA_-_Australian_Vocational_Education___Training_Academy_Distance,AVETA - Australian Vocational Education & Training Academy
MELBOURNE,-37.812891,144.961447,Barkly_International_College__City_Campus_Distance,"Barkly International College, City Campus"
NORTH MELBOURNE,-37.794322,144.937901,Barkly_International_College__North_Melbourne_Campus___Automotive_Workshop_Distance,"Barkly International College, North Melbourne Campus & Automotive Workshop"
SOUTHBANK,-37.82435,144.960882,Baxter_Institute__Automotive___Bakery_Campus_Distance,"Baxter Institute, Automotive & Bakery Campus"
NORTH MELBOURNE,-37.800207,144.941053,Baxter_Institute__Fabrication_campus_Distance,"Baxter Institute, Fabrication campus"
MELBOURNE,-37.816076,144.97143,Baxter_Institute__Hairdressing_and_Beauty_Campus_(Flinders_Street)_Distance,"Baxter Institute, Hairdressing and Beauty Campus (Flinders Street)"
PAKENHAM,-38.06161,145.466492,Beaconhills_College_Distance,Beaconhills College
BENDIGO,-36.7563,144.284,Bendigo_TAFE__Bendigo_Distance,"Bendigo TAFE, Bendigo"
BROADMEADOWS,-37.6798,144.918,Bendigo_TAFE_and_Kangan_Institute__Broadmeadows_Campus_Distance,"Bendigo TAFE and Kangan Institute, Broadmeadows Campus"
FITZROY,-37.7989,144.983,Biba_Academy__Swantson_street_Campus_Distance,"Biba Academy, Swantson street Campus"
MELBOURNE,-37.8169,144.966,Box_Hill_Institute__City_Campus_Distance,"Box Hill Institute, City Campus"
MONT ALBERT,-37.8154,145.115,Box_Hill_Institute_Distance,Box Hill Institute
MELBOURNE,-37.814146,144.962271,Brighton_Institute_of_Technology_Distance,Brighton Institute of Technology
EAST MELBOURNE,-37.8091,144.981,Catholic_Theological_College_(CTC)__Melbourne_College_of_Divinity_-_East_Melbourne_Campus_Distance,"Catholic Theological College (CTC), Melbourne College of Divinity - East Melbourne Campus"
FOOTSCRAY,-37.8009,144.884,Central_Australian_College_(CAC)__Melbourne_Campus_Distance,"Central Australian College (CAC), Melbourne Campus"
MELBOURNE,-37.8149,144.96,Central_Melbourne_Institute_(CMI)__City_Campus_Distance,"Central Melbourne Institute (CMI), City Campus"
MALVERN,-37.8524,145.037,Central_Melbourne_Institute_Distance,Central Melbourne Institute
MELBOURNE,-37.818212,144.954332,Central_Queensland_University_City_Campus,City campus
MELBOURNE,-37.817098,144.957627,Charles_Sturt_University_Study_Centres__Melbourne_Distance,"Charles Sturt University Study Centres, Melbourne"
DANDENONG,-37.975611,145.2197441,Chisholm_Institue__Chisholm_At_331_Distance,"Chisholm Institue, Chisholm At 331"
SOUTH DUDLEY,-38.5888765,145.5787101,Chisholm_Institute__Bass_Coast_Distance,"Chisholm Institute, Bass Coast"
BANGHOLME,-38.0434277,145.1882625,Chisholm_Institute__Cranbourne_Campus_Distance,"Chisholm Institute, Cranbourne Campus"
BERWICK,-37.975169,145.219604,Chisholm_Institute__Dandenong_Campus_Distance,"Chisholm Institute, Dandenong Campus"
WILLIAMSTOWN,-37.891933,144.9230619,Chisholm_Institute__Flinders_Lane_Campus_Distance,"Chisholm Institute, Flinders Lane Campus"
MELBOURNE,-37.8130231,144.9584356,Chisholm_Institute__Melbourne_City_Campus_Distance,"Chisholm Institute, Melbourne City Campus"
SOUTH MELBOURNE,-37.8263,144.943,Collarts_-_Australian_College_of_the_Arts_Distance,Collarts - Australian College of the Arts
MELBOURNE,-37.813072,144.956196,Dalton_College_Distance,Dalton College
RICHMOND,-37.8318,144.998,Dance_Factory_Distance,Dance Factory
BURWOOD,-37.844583,145.110172,Deakin_College_(MIBT)__Burwood_Campus_Distance,"Deakin College (MIBT), Burwood Campus"
GEELONG,-38.143961,144.360314,Deakin_University__Geelong_Waterfront_Campus_Distance,"Deakin University, Geelong Waterfront Campus"
WARRNAMBOOL,-38.371481,142.47303,Deakin_University__Warrnambool_Campus_Distance,"Deakin University, Warrnambool Campus"
GEELONG,-38.200668,144.302598,Deakin_University__Waurn_Ponds_Campus_Distance,"Deakin University, Waurn Ponds Campus"
MELBOURNE,-37.809631,144.958977,Della_International_College__City_Campus_Distance,"Della International College, City Campus"
SUNSHINE,-37.780952,144.827744,Della_International_College__Sunshine_Campus_Distance,"Della International College, Sunshine Campus"
MELBOURNE,-37.8142,144.974,Department_of_Education_and_Training__Victoria_Distance,"Department of Education and Training, Victoria"
CAULFIELD SOUTH,-37.8951,145.021,East_West_College_Of_Natural_Therapies_Distance,East West College Of Natural Therapies
WEST MELBOURNE,-37.8074,144.944,Education_Access_Australia_Distance,Education Access Australia
HEIDELBERG,-37.756,145.066,Education_Training___Employment_Australia__ETEA_Distance,"Education Training & Employment Australia, ETEA"
PASCOE VALE SOUTH,-37.7394,144.946,Elite_Training_Institute_Distance,Elite Training Institute
MELBOURNE,-37.8177,144.963,Elly_Lukas_Beauty_Therapy_College_Distance,Elly Lukas Beauty Therapy College
MELBOURNE,-37.813,144.961,ELSIS__Melbourne_Campus_Distance,"ELSIS, Melbourne Campus"
MELBOURNE,-37.81,144.961,Endeavour_College_of_Natural_Health__Melbourne_Campus_Distance,"Endeavour College of Natural Health, Melbourne Campus"
LALOR,-37.6673,145.011,Everest_Institute_of_Education_Distance,Everest Institute of Education
MELBOURNE,-37.8155,144.966,Explore_English_Distance,Explore English
BALLARAT CENTRAL,-37.562159,143.850256,Federation_University__Ballarat_Campus_Distance,"Federation University, Ballarat Campus"
Gippsland ,-38.316943,146.427417,Federation_University__Gippsland_Campus_Distance,"Federation University, Gippsland Campus"
Wimmera,-36.711805,142.198254,Federation_University__Wimmera_Campus_Distance,"Federation University, Wimmera Campus"
MELBOURNE,-37.8517,144.981,Flinders_International_College_Distance,Flinders International College
MELBOURNE,-37.8139,144.966,Fusion_Enlgish__Melbourne_Campus_Distance,"Fusion Enlgish, Melbourne Campus"
MELBOURNE,-37.8111,144.959,Global_Business_College_Of_Australia_Distance,Global Business College Of Australia
THOMSON,-38.162716,144.385649,Gordon_Institute_of_TAFE__East_Geelong_Campus_Distance,"Gordon Institute of TAFE, East Geelong Campus"
GEELONG WEST,-38.1412,144.354,Gordon_Institute_of_TAFE__East_Geelong_ELICOS_Campus_Distance,"Gordon Institute of TAFE, East Geelong ELICOS Campus"
MELBOURNE,-37.8183,144.954,Greenwich_English_College__Melbourne_Distance,"Greenwich English College, Melbourne"
SCORESBY,-37.8994,145.23,Harvest_Bible_College_Distance,Harvest Bible College
BOX HILL SOUTH,-37.8319,145.131,Hays_International_College_Distance,Hays International College
FITZROY,-37.7983,144.979,Heading_Out_Academy_Distance,Heading Out Academy
MELBOURNE,-37.8103,144.972,Headmasters_Advanced_Academy_of_Training_Distance,Headmasters Advanced Academy of Training
MALVERN EAST,-37.8755,145.092,Holmesglen__Holmesglen_Institute__Chadstone_Campus_Distance,"Holmesglen, Holmesglen Institute, Chadstone Campus"
SOUTH MELBOURNE,-37.8299,144.971,Holmesglen__Holmesglen_Institute__City_Campus_Distance,"Holmesglen, Holmesglen Institute, City Campus"
GLEN WAVERLEY,-37.8875,145.153,Holmesglen__Holmesglen_Institute__Waverley_Campus_Distance,"Holmesglen, Holmesglen Institute, Waverley Campus"
MOORABBIN,-37.9354,145.05,Holmesglen_Institute__Holmesglen_Moorabbin_Campus_Distance,"Holmesglen Institute, Holmesglen Moorabbin Campus"
FOOTSCRAY,-37.801,144.898,Hospitality_Management_Institute_of_Australia_Distance,Hospitality Management Institute of Australia
MELBOURNE,-37.8163,144.955,Impact_English_College__Melbourne_Campus_Distance,"Impact English College, Melbourne Campus"
COLLINGWOOD,-37.8007,144.993,Imperial_College_of_Technology_and_Management_Distance,Imperial College of Technology and Management
HEIDELBERG,-37.7472,145.058,Institute_of_Health_and_Nursing_Australia_Distance,Institute of Health and Nursing Australia
MELBOURNE,-37.8166,144.96,Institute_of_Tertiary_and_Higher_Education_Australia_(ITHEA)_Distance,Institute of Tertiary and Higher Education Australia (ITHEA)
MELBOURNE,-37.8165,144.961,INUS_Australia_Education_and_Training_Distance,INUS Australia Education and Training
SOUTH MELBOURNE,-37.8341,144.962,JMC_Academy_Distance,JMC Academy
DANDENONG,-37.9871,145.215,Job_Training_Institute__Dandenong_Campus_Distance,"Job Training Institute, Dandenong Campus"
DOCKLANDS,-37.8222,144.948,Kangan_Batman_Institute_of_TAFE__Docklands_Distance,"Kangan Batman Institute of TAFE, Docklands"
CREMORNE,-37.8293,144.993,Kangan_Batman_Institute_of_TAFE__Richmond_Distance,"Kangan Batman Institute of TAFE, Richmond"
MOONEE PONDS,-37.766,144.923,Kangan_Institute__Moonee_Ponds_Campus_Distance,"Kangan Institute, Moonee Ponds Campus"
DOCKLANDS,-37.8129,144.942,Kaplan_Business_School_Distance,Kaplan Business School
BUNDOORA,-37.717088,145.043085,La_Trobe_Bundoora_Campus_Distance,La Trobe Bundoora Campus
WEST WODONGA,-36.117679,146.889104,La_Trobe_University__Albury-Wodonga_Campus_Distance,"La Trobe University, Albury-Wodonga Campus"
FLORA HILL,-36.7812,144.296,La_Trobe_University__Bendigo_Campus_Distance,"La Trobe University, Bendigo Campus"
MELBOURNE,-37.816325,144.962335,La_Trobe_University__City_Campus_(Collins_Street)__City_Campus_(Collins_Street)_Distance,"La Trobe University, City Campus (Collins Street), City Campus (Collins Street)"
MILDURA,-34.2048,142.168,La_Trobe_University__Mildura_Campus_Distance,"La Trobe University, Mildura Campus"
SHEPPARTON,-36.3808,145.406,La_Trobe_University__Shepparton_Campus_Distance,"La Trobe University, Shepparton Campus"
COLLINGWOOD,-37.8036,144.991,Latrobe_College_of_Art_and_Design_Distance,Latrobe College of Art and Design
DANDENONG,-37.9875,145.215,Lawson_College_Australia_Distance,Lawson College Australia
MELBOURNE,-37.8171,144.965,Lonsdale_Institute__Eurocentres_Melbourne_Distance,"Lonsdale Institute, Eurocentres Melbourne"
WAURN PONDS,-38.1927,144.305,Marcus_Oldham_College_Distance,Marcus Oldham College
MELBOURNE,-37.8164,144.967,MEGT_Institute__Melbourne_Campus_Distance,"MEGT Institute, Melbourne Campus"
MELBOURNE,-37.8176,144.966,Melbourne_College_of_Hair_and_Beauty_Distance,Melbourne College of Hair and Beauty
MOORABBIN AIRPORT,-37.9763,145.095,Melbourne_Flight_Training_Distance,Melbourne Flight Training
MELBOURNE,-37.810013,144.960843,Melbourne_Institute_of_Technology_(Federation_University)__Melbourne_Campus_Distance,"Melbourne Institute of Technology (Federation University), Melbourne Campus"
WINDSOR,-37.8525,144.998,Melbourne_Polytechnic__Brunswick_Campus_Distance,"Melbourne Polytechnic, Brunswick Campus"
EPPING,-37.6531,145.031,Melbourne_Polytechnic__Epping_Campus_Distance,"Melbourne Polytechnic, Epping Campus"
FAIRFIELD,-37.792,145.009,Melbourne_Polytechnic__Fairfield_Campus_Distance,"Melbourne Polytechnic, Fairfield Campus"
BELLFIELD,-37.7506,145.046,Melbourne_Polytechnic__Heidelberg_Campus_Distance,"Melbourne Polytechnic, Heidelberg Campus"
PRESTON,-37.7424899,144.9957097,Melbourne_Polytechnic__Preston_Campus_Distance,"Melbourne Polytechnic, Preston Campus"
PRESTON,-37.7413,144.998,Melbourne_Polytechnic__Preston_TAFE_Campus_Distance,"Melbourne Polytechnic, Preston TAFE Campus"
WARRANWOOD,-37.7762,145.245,Melbourne_Rudolf_Steiner_Seminar_Distance,Melbourne Rudolf Steiner Seminar
WANTIRNA,-37.8601,145.209,Melbourne_School_of_Theology_Distance,Melbourne School of Theology
HAWTHORN,-37.837709,145.04094,Melbourne_University__Hawthorn_English_Language_Centre_Distance,"Melbourne University, Hawthorn English Language Centre"
CARLTON,-37.794849,144.958444,Melbourne_University__Trinity_College_Distance,"Melbourne University, Trinity College"
WEST MELBOURNE,-37.8109089,144.9470756,Menzies_Institute_of_Technology__Adderley_Campus_Distance,"Menzies Institute of Technology, Adderley Campus"
WEST MELBOURNE,-37.8111642,144.9485787,Menzies_Institute_of_Technology__Batman_Campus_Distance,"Menzies Institute of Technology, Batman Campus"
WEST MELBOURNE,-37.8118699,144.9505028,Menzies_Institute_of_Technology__Spencer_Campus_Distance,"Menzies Institute of Technology, Spencer Campus"
CLAYTON,-37.9182,145.13,Monash_College__Monash_University_English_Language_Centre_Distance,Monash College; Monash University English Language Centre
BERWICK,-38.0527,145.34,Monash_International__Berwick_Campus_Distance,"Monash International, Berwick Campus"
FRANKSTON,-38.171264,145.138752,Monash_International__Peninsula_Campus_Distance,"Monash International, Peninsula Campus"
MALVERN EAST,-37.87701,145.044269,Monash_University__Caulfield_Campus_Distance,"Monash University, Caulfield Campus"
MELBOURNE,-37.8167,144.965,Monash_University__City_Campus_Distance,"Monash University, City Campus"
CLAYTON,-37.915466,145.134806,Monash_University__Clayton_Campus_Distance,"Monash University, Clayton Campus"
PARKVILLE,-37.784384,144.958516,Monash_University__Parkville_Campus_(Manning_Building)_Distance,"Monash University, Parkville Campus (Manning Building)"
MELBOURNE,-37.8131,144.967,Monash_University_English_Language_Centre__Monash_College__City_Campus_Distance,"Monash University English Language Centre; Monash College, City Campus"
MOORABBIN AIRPORT,-37.9733,145.09,Moorabbin_Flying_Services_Distance,Moorabbin Flying Services
SAINT KILDA,-37.867,144.981,National_Theatre_(Drama___Ballet_School)_Distance,National Theatre (Drama & Ballet School)
MELBOURNE,-37.8177,144.966,Navitas_College_of_Public_Safety_(NCPS)_Distance,Navitas College of Public Safety (NCPS)
FOOTSCRAY,-37.8034,144.895,North_Melbourne_College_Distance,North Melbourne College
MELBOURNE,-37.8153,144.961,Nova_Institute_of_Technology_Distance,Nova Institute of Technology
MELBOURNE,-37.8173,144.959,Oceania_Polytechnic_Institute_of_Education_(OPIE)_Distance,Oceania Polytechnic Institute of Education (OPIE)
MELBOURNE,-37.8171,144.96,Orange_International_College_Distance,Orange International College
MELBOURNE,-37.8128,144.954,Ozford_College_Distance,Ozford College
MELBOURNE,-37.8106,144.969,Ozford_College_of_Busines_Distance,Ozford College of Busines
MELBOURNE,-37.8083,144.968,Ozford_College_of_Business_Distance,Ozford College of Business
MELBOURNE,-37.8141,144.961,Pax_Institute_of_Education_Distance,Pax Institute of Education
ESSENDON,-37.7498,144.911,Pearson_Aviation__Essendon_Airport_Distance,"Pearson Aviation, Essendon Airport"
SOUTHBANK,-37.8221,144.966,Photography_Studies_College_(PSC)__Melbourne_Campus_Distance,"Photography Studies College (PSC), Melbourne Campus"
PARKVILLE,-37.793,144.959,Pilgrim_Theological_College_Distance,Pilgrim Theological College
SOUTHBANK,-37.8289,144.955,Planetshakers_College_Distance,Planetshakers College
MONT ALBERT NORTH,-37.7973,145.1169183,Presbyterian_Theological_College__Box_Hill_Campus_Distance,"Presbyterian Theological College, Box Hill Campus"
SAINT KILDA EAST,-37.8637,145.003,Rabbinical_College_of_Australia_and_N_Z__Distance,Rabbinical College of Australia and N.Z.
MELBOURNE,-37.8157,144.961,RC_(Rhodes_College)_Distance,RC (Rhodes College)
WAURN PONDS,-38.1898693,144.3019719,Reformed_Theological_College__Geelong_Campus_Distance,"Reformed Theological College, Geelong Campus"
PARKVILLE,-37.7837187,144.9551728,Ridley_College__Parkville_Campus_Distance,"Ridley College, Parkville Campus"
MELBOURNE,-37.8135,144.966,RMIT_English_Worldwide_Distance,RMIT English Worldwide
BRUNSWICK,-37.7711,144.956,RMIT_Univeristy__Brunswick_Campus_Distance,"RMIT Univeristy, Brunswick Campus"
MELBOURNE,-37.8074,144.965,RMIT_University_(RMIT)__City_Campus_Distance,"RMIT University (RMIT), City Campus"
BUNDOORA,-37.676835,145.072686,RMIT_University__Bundoora_Campus_Distance,"RMIT University, Bundoora Campus"
POINT COOK,-37.92885,144.749083,RMIT_University__Point_Cook_Campus_Distance,"RMIT University, Point Cook Campus"
MELBOURNE,-37.8171,144.964,Royal_Gurkhas_Institute_of_Technology_(RGIT)_Australia__Gurkhas_Institute_of_Hospitality___Management_Distance,"Royal Gurkhas Institute of Technology (RGIT) Australia, Gurkhas Institute of Hospitality & Management"
MELBOURNE,-37.8173,144.965,Royal_Gurkhas_Institute_of_Technology_Australia_(RGIT)_Distance,Royal Gurkhas Institute of Technology Australia (RGIT)
MOORABBIN AIRPORT,-37.9757,145.092,Royal_Victorian_Aero_Club_Distance,Royal Victorian Aero Club
SOUTH MELBOURNE,-37.8296,144.948,SAE_Institute_Qantm_College__Melbourne_Campus_Distance,"SAE Institute Qantm College, Melbourne Campus"
FITZROY NORTH,-37.7803,144.987,School_for_F_M__Alexander_Studies_Distance,School for F.M. Alexander Studies
DOCKLANDS,-37.8217,144.955,South_Australian_College_of_English_(SACE)_Melbourne_College_of_English_Distance,South Australian College of English (SACE) Melbourne College of English
FITZROY,-37.806,144.983,South_Pacific_Institute_(SPI)__Melbourne_Campus_Distance,"South Pacific Institute (SPI), Melbourne Campus"
NORTH MELBOURNE,-37.7943072,144.9365407,Southern_Cross_Education_Institute_(SCEI)__Second_Campus_Distance,"Southern Cross Education Institute (SCEI), Second Campus"
WEST MELBOURNE,-37.8066033,144.9500792,Southern_Cross_Education_Institute_(SCEI)__Third_Campus_Distance,"Southern Cross Education Institute (SCEI), Third Campus"
FITZROY,-37.7987,144.976,Southern_School_of_Natural_Therapies_Distance,Southern School of Natural Therapies
MITCHELL PARK,-37.5147,143.805,ST_AEROSPACE_ACADEMY_(AUSTRALIA)_PTY_LTD_2_Bowral_Court__Mitchell_Park_Distance,"ST AEROSPACE ACADEMY (AUSTRALIA) PTY LTD,2 Bowral Court, Mitchell Park"
MELBOURNE,-37.813858,144.965403,St_Peter_Institute__Bourke_Street_Campus_Distance,"St Peter Institute, Bourke Street Campus"
MELBOURNE,-37.815454,144.96343,St_Peter_Institute__Little_Collins_Campus_Distance,"St Peter Institute, Little Collins Campus"
BRUNSWICK,-37.778037,144.970041,Stott's_Colleges_(Front_Cooking_School_-_Carlton_Campus)_-_VET_Distance,Stott's Colleges (Front Cooking School - Carlton Campus) - VET
BOX HILL,-37.817461,145.123818,Stott's_Colleges__Box_Hill_Campus_Distance,"Stott's Colleges, Box Hill Campus"
MELBOURNE,-37.811562,144.970601,Stott's_Colleges__Melbourne_Campus_Distance,"Stott's Colleges, Melbourne Campus"
MELBOURNE,-37.809842,144.968964,Strathfield_College__Melbourne_Campus_Distance,"Strathfield College, Melbourne Campus"
MILDURA,-34.204561,142.166337,Sunraysia_Institute_of_TAFE__Mildura_Campus_Distance,"Sunraysia Institute of TAFE, Mildura Campus"
SUNSHINE,-37.786492,144.834237,Sunshine_College_of_Management_Distance,Sunshine College of Management
HAWTHORN,-37.82215,145.038955,Swinburne_University_of_Technology__Hawthorn_Campus_Distance,"Swinburne University of Technology, Hawthorn Campus"
CROYDON,-37.801906,145.285669,Swinburne _University _of _Technology_Croydon_Campus,"Swinburne University of Technology, Croydon Campus"
WANTIRNA,-37.873485,145.234898,Swinburne _University _of_Technology_Wantirna_Campus,"Swinburne University of Technology, Wantirna Campus"
MELBOURNE,-37.815007,144.955389,Technical_Education_Development_Institute_Distance,Technical Education Development Institute
CARLTON,-37.801345,144.967099,Technical_Institute_of_Victoria_Distance,Technical Institute of Victoria
MELBOURNE,-37.822677,144.953901,The_Academy_of_Interactive_Entertainment__Melbourne_Campus_Distance,"The Academy of Interactive Entertainment, Melbourne Campus"
SOUTHBANK,-37.821968,144.967319,The_Australian_Ballet_School_Distance,The Australian Ballet School
RICHMOND,-37.813072,144.998146,The_Australian_Conservatoire_of_Ballet__Melbourne_Campus_Distance,"The Australian Conservatoire of Ballet, Melbourne Campus"
PARKVILLE,-37.796285,144.959807,The_University_of_Melbourne_Distance,"The University of Melbourne, Parville campus"
BURNLEY,-37.826346,145.017309,The_University_of_Melbourne_Burnley_campus,"The University of Melbourne, Burnley campus"
WERRIBEE,-37.889154,144.693133,The_University_of_Melbourne_Werribee_campus,"The University of Melbourne, Werribee campus"
SOUTHBANK,-37.824721,144.970153,The _University_of_Melbourne_Southbank_campus,"The University of Melbourne, Southbank campus"
WEST MELBOURNE,-37.810677,144.952791,TMG_College_Distance,TMG College
CARLTON,-37.798616,144.976027,Torrens_University__Fitzroy_Campus_Distance,"Torrens University, Fitzroy Campus"
MELBOURNE,-37.816724,144.968157,Torrens_University__Flinders_st_Campus_Distance,"Torrens University, Flinders st Campus"
PARKVILLE,-37.794635,144.958892,Trinity_College_Theological_School_Distance,Trinity College Theological School
BOX HILL,-37.817989,145.124795,Turner_English__Box_Hill_Campus_Distance,"Turner English, Box Hill Campus"
CAMBERWELL,-37.847054,145.063744,Turner_English__Camberwell_Campus_Distance,"Turner English, Camberwell Campus"
DANDENONG,-37.988483,145.214864,Turner_English__Dandenong_Campus_Distance,"Turner English, Dandenong Campus"
MELBOURNE,-37.813279,144.959735,Turner_English__Melbourne_CBD_Campus_Distance,"Turner English, Melbourne CBD Campus"
PARKVILLE,-37.787017,144.957062,Univeristy_of_Divinity__Whitley_College_Distance,"Univeristy of Divinity, Whitley College"
MELBOURNE,-37.815505,144.960624,Universal_Institute_of_Technology_Distance,Universal Institute of Technology
CHADSTONE,-37.882,145.101,University_of_Canberra__UC_Melbourne_-_Chadstone_Campus_Distance,"University of Canberra, UC Melbourne - Chadstone Campus"
MULGRAVE,-37.92787,145.195467,University_of_Divinity__Stirling_College_Distance,"University of Divinity, Stirling College"
BOX HILL,-37.82627,145.133188,University_of_Divinity__Yarra_Theological_Union_Distance,"University of Divinity, Yarra Theological Union"
MELBOURNE,-37.818082,144.964023,Victoria_University__City_Flinders_Distance,"Victoria University, City Flinders"
MELBOURNE,-37.817549,144.964066,Victoria_University__City_Flinders_Lane_Distance,"Victoria University, City Flinders Lane"
MELBOURNE,-37.814904,144.954774,Victoria_University_City_King_Distance,"Victoria University, City King"
MELBOURNE,-37.811804,144.958966,Victoria_University__City_Queen_Distance,"Victoria University, City Queen"
FOOTSCRAY,-37.804149,144.898778,Victoria_University__Footscray_Nicholson_Distance,"Victoria University, Footscray Nicholson"
FOOTSCRAY,-37.793233,144.89627,Victoria_University__Footscray_Park_Distance,"Victoria University, Footscray Park"
SAINT ALBANS,-37.74553,144.804997,Victoria_University__St_Albans_Distance,"Victoria University, St Albans"
SUNSHINE NORTH,-37.776817,144.833753,Victoria_University__Sunshine_Distance,"Victoria University, Sunshine"
WERRIBEE,-37.893567,144.700048,Victoria_University__Werribee_Distance,"Victoria University, Werribee"
COBURG,-37.750474,144.964798,Victorian_Academy_Of_Commerce_and_Technology_Startups_(VACTS)_Distance,Victorian Academy Of Commerce and Technology Startups (VACTS)
SPOTSWOOD,-37.831027,144.886575,Victorian_Institute_of_Culinary_Arts___Technology__Main_Campus_-_Spotswood_Distance,"Victorian Institute of Culinary Arts & Technology, Main Campus - Spotswood"
KERANG,-35.733174,143.919123,Victorian_Institute_of_Culinary_Arts___Technology__Regional_Campus_1_-_Kerang_Scoresby_st_Distance,"Victorian Institute of Culinary Arts & Technology, Regional Campus 1 - Kerang Scoresby st"
KERANG,-35.735253,143.919575,Victorian_Institute_of_Culinary_Arts___Technology__Regional_Campus_2_-_Kerang_Wellington_st_Distance,"Victorian Institute of Culinary Arts & Technology, Regional Campus 2 - Kerang Wellington st"
SHEPPARTON,-36.381548,145.399487,Victorian_Institute_of_Culinary_Arts___Technology__Regional_Campus_3_-_Shepparton_Distance,"Victorian Institute of Culinary Arts & Technology, Regional Campus 3 - Shepparton"
ABBOTSFORD,-37.8009405,145.0001593,VIT_(Victorian_Institute_of_Technology)__Abbotsford_Campus_Distance,"VIT (Victorian Institute of Technology), Abbotsford Campus"
MELBOURNE,-37.815774,144.960718,VIT_(Victorian_Institute_of_Technology)__Melbourne_CBD_Campus_Distance,"VIT (Victorian Institute of Technology), Melbourne CBD Campus"
MELBOURNE,-37.816649,144.953542,Whitehouse_Institute_of_Design__Australia_Distance,"Whitehouse Institute of Design, Australia"
MELBOURNE,-37.812806,144.953622,William_Angliss_Institute_Distance,William Angliss Institute
RICHMOND,-37.815377,144.961162,Yorke_Institute_Distance,Yorke Institute
