0,SUBURB_TOWN_NAME
1,LOCATION
2,SUBURB_LONG
3,SUBURB_LAT
4,SUBURB_RESIDENTS
5,YEAR_ENDING
6,TOTAL_CRIMES_BY_YEAR_AND_AREA
7,OFFENCES_PER_10000_POPULATION
8,SUBURB_TOWN_NAME_2016_ADJUSTED_CRIME_RANK
9,SUBURB_TOWN_NAME_2016_ADJUSTED_CRIME_RANK_PERCENTILE
10,OFFENCE_COUNT
11,SUBURB_TOWN_NAME_2016_REAL_CRIME_RANK
12,SUBURB_MOST_COMMON_EXPENSE_TIER
13,NUMBER_OF_RENTAL_PROPERTIES
14,PRICE_RANGE_RANK
15,RENTAL_PRICE_RANGE_LOWER
16,RENTAL_PRICE_RANGE_UPPER
17,PRICE_RANK_IN_PERCENTILE
18,DOMAIN_URL
19,REAL_ESTATE_COM_AU_URL
20,SUBURB_MOST_INT_STUDENT_LANG
21,TOTAL_INT_STUDENTS_PER_SUBURB
22,TOTAL_INT_STUDENT_PER_LANGUAGE
23,STUDENT_POPULATION_RATING
24,SUBURB_LARGEST_LANG_INT_STUDENT_POP
25,SUBURB_LARGEST_INT_STUDENT_LANG
26,PERCENT_OF_INT_STUDENTS_LANGUAGE_IN_SUBURB
27,INT_STUDENT_LANGUAGE_RANK_ALL_LANGS
28,Acholi
29,"African Languages, nec"
30,"African Languages, nfd"
31,Afrikaans
32,Akan
33,Albanian
34,Amharic
35,Anuak
36,Arabic
37,Armenian
38,Assyrian Neo-Aramaic
39,Bengali
40,Bisaya
41,Bosnian
42,Bulgarian
43,Burmese
44,"Burmese and Related Languages, nec"
45,"Burmese and Related Languages, nfd"
46,Cantonese
47,Catalan
48,Cebuano
49,Chaldean Neo-Aramaic
50,Chin Haka
51,"Chinese, nfd"
52,"Creole, nfd"
53,Croatian
54,Czech
55,Danish
56,Dari
57,Dhivehi
58,Dinka
59,"Dravidian, nec"
60,Dutch
61,English
62,Estonian
63,Fijian
64,Filipino
65,Finnish
66,French
67,"French Creole, nfd"
68,German
69,Greek
70,Gujarati
71,Hakka
72,Harari
73,Hausa
74,Hazaraghi
75,Hebrew
76,Hindi
77,Hungarian
78,Iban
79,Igbo
80,Ilonggo (Hiligaynon)
81,Inadequately described
82,Indonesian
83,"Iranic, nfd"
84,Italian
85,Japanese
86,Kannada
87,Karen
88,Khmer
89,Kinyarwanda (Rwanda)
90,Kirundi (Rundi)
91,Konkani
92,Korean
93,Kurdish
94,Lao
95,Lithuanian
96,Loma (Lorma)
97,Luganda
98,Macedonian
99,Malay
100,Malayalam
101,Maltese
102,Mandarin
103,Maori (Cook Island)
104,Maori (New Zealand)
105,Marathi
106,Mauritian Creole
107,Min Nan
108,Mongolian
109,Nepali
110,Norwegian
111,Not stated
112,Nuer
113,Nyanja (Chichewa)
114,Oriya
115,Oromo
116,Other Southern Asian Languages
117,Pashto
118,Persian (excluding Dari)
119,"Pidgin, nfd"
120,Polish
121,Portuguese
122,Punjabi
123,Rohingya
124,Romanian
125,Russian
126,Samoan
127,Serbian
128,Shilluk
129,Shona
130,Sindhi
131,Sinhalese
132,Slovak
133,Slovene
134,Somali
135,"Southern Asian Languages, nfd"
136,Spanish
137,Swahili
138,Swedish
139,Tagalog
140,Tamil
141,Telugu
142,Tetum
143,Thai
144,Tibetan
145,Tigrinya
146,Tok Pisin (Neomelanesian)
147,Tongan
148,Tswana
149,Turkish
150,Tuvaluan
151,Ukrainian
152,Urdu
153,Vietnamese
154,Wu
155,Yoruba
156,Zomi
157,AVERAGE_PUBLIC_TRANSPORT_USERS_PER_SUBURB
158,TOTAL_PUBLIC_TRANSPORT_USERS_PER_SUBURB
159,TOTAL_OTHER_USAGE_BY_SUBURB
160,ADJUSTED_TOTAL_OTHER_USAGE_SCALE_RANK
161,ADJUSTED_TOTAL_TRANSPORT_USE_PER_SUBURB
162,ADJUSTED_TOTAL_TRANSPORT_USE_PER_SUBURB_RANK
163,ADJUSTED_TOTAL_TRANSPORT_USE_PER_SUBURB_SCALE_RANK
164,MOST_COMMON_TRANSPORT_METHOD
165,MOST_COMMON_DISTANCE_PER_SUBURB
166,TRAIN_STATION_FLAG
167,BUS_LINE_FLAG
168,FERRY_FLAG
169,TRAM_LINE_FLAG
170,UNIVERSITY_CAMPUS_LONG.x
171,AAPoly__Melbourne_Campus_Distance
172,Academia_International__Melbourne_Campus_Distance
173,Acumen_Institute_of_Further_Education__CBD_Campus_Distance
174,Acumen_Institute_of_Further_Education__Richmond_Campus_Distance
175,AGB_Training__Geelong_Campus_Distance
176,ALACC_Health_College__Australia_Distance
177,Alfred_Deakin_College_(MIBT)__Waurn_Ponds_Campus_Distance
178,ALTEC_College__Melbourne_Campus_Distance
179,Angad_Australian_Institute_of_Technology__La_Trobe_st_Campus_Distance
180,AOI_Institute_Distance
181,Ashton_College__Footscray_Campus_Distance
182,Ashton_College__Hallam_Campus_Distance
183,Ashton_College__Hospitality_Campus_Distance
184,Ashton_College__Northcote_Campus_Distance
185,Australian_Academy_of_Fashion_Design_Distance
186,Australian_Careers_Education__Donald_Street_Campus_(Aurora_Building)_Distance
187,Australian_Careers_Education__Victoria_Street_Campus_Distance
188,Australian_Catholic_Univeristy__Melbourne_Campus_Distance
189,Australian_Catholic_University__Ballarat_Campus_Distance
190,Australian_Centre_of_Further_Education_Distance
191,Australian_College_of_Applied_Psychology__ACAP_-_Melbourne_Campus_Distance
192,Australian_College_of_Sport__Basketball__Melbourne_Campus_Distance
193,Australian_College_of_Theology_Distance
194,Australian_College_of_Trade__Thornbury_Campus_Distance
195,Australian_Education_Academy__10_Blissington_Street__Springvale_Distance
196,Australian_Institute_of_Technical_Training__(AITT)__Melbourne_Campus_Distance
197,Australian_Institute_of_Trades__Institute_of_Hotel_Management_Australia_Distance
198,Australian_Institute_of_Translation___Interpretation_(AITI)__Melbourne_Campus_Distance
199,Australian_IT___Hospitality_Institute__Footscray_Campus_Distance
200,Australian_National_Airline_College_Distance
201,Australian_National_College__Franklin_Street_Campus_Distance
202,Australian_National_Institute_of_Business___Technology_(ANIBT)__Melbourne_Campus_Distance
203,Australian_Pacific_College__Melbourne_Campus_Distance
204,Australian_Study_Link_Institute_Distance
205,AVETA_-_Australian_Vocational_Education___Training_Academy_Distance
206,Barkly_International_College__City_Campus_Distance
207,Barkly_International_College__North_Melbourne_Campus___Automotive_Workshop_Distance
208,Baxter_Institute__Automotive___Bakery_Campus_Distance
209,Baxter_Institute__Fabrication_campus_Distance
210,Baxter_Institute__Hairdressing_and_Beauty_Campus_(Flinders_Street)_Distance
211,Beaconhills_College_Distance
212,Bendigo_TAFE__Bendigo_Distance
213,Bendigo_TAFE_and_Kangan_Institute__Broadmeadows_Campus_Distance
214,Biba_Academy__Swantson_street_Campus_Distance
215,Box_Hill_Institute__City_Campus_Distance
216,Box_Hill_Institute_Distance
217,Brighton_Institute_of_Technology_Distance
218,Catholic_Theological_College_(CTC)__Melbourne_College_of_Divinity_-_East_Melbourne_Campus_Distance
219,Central_Australian_College_(CAC)__Melbourne_Campus_Distance
220,Central_Melbourne_Institute_(CMI)__City_Campus_Distance
221,Central_Melbourne_Institute_Distance
222,Central_Queensland_University_City_Campus_Distance
223,Charles_Sturt_University_Study_Centres__Melbourne_Distance
224,Chisholm_Institue__Chisholm_At_331_Distance
225,Chisholm_Institute__Bass_Coast_Distance
226,Chisholm_Institute__Cranbourne_Campus_Distance
227,Chisholm_Institute__Dandenong_Campus_Distance
228,Chisholm_Institute__Flinders_Lane_Campus_Distance
229,Chisholm_Institute__Melbourne_City_Campus_Distance
230,Collarts_-_Australian_College_of_the_Arts_Distance
231,Dalton_College_Distance
232,Dance_Factory_Distance
233,Deakin_College_(MIBT)__Burwood_Campus_Distance
234,Deakin_University__Geelong_Waterfront_Campus_Distance
235,Deakin_University__Warrnambool_Campus_Distance
236,Deakin_University__Waurn_Ponds_Campus_Distance
237,Della_International_College__City_Campus_Distance
238,Della_International_College__Sunshine_Campus_Distance
239,Department_of_Education_and_Training__Victoria_Distance
240,East_West_College_Of_Natural_Therapies_Distance
241,Education_Access_Australia_Distance
242,Education_Training___Employment_Australia__ETEA_Distance
243,Elite_Training_Institute_Distance
244,Elly_Lukas_Beauty_Therapy_College_Distance
245,ELSIS__Melbourne_Campus_Distance
246,Endeavour_College_of_Natural_Health__Melbourne_Campus_Distance
247,Everest_Institute_of_Education_Distance
248,Explore_English_Distance
249,Federation_University__Ballarat_Campus_Distance
250,Federation_University__Gippsland_Campus_Distance
251,Federation_University__Wimmera_Campus_Distance
252,Flinders_International_College_Distance
253,Fusion_Enlgish__Melbourne_Campus_Distance
254,Global_Business_College_Of_Australia_Distance
255,Gordon_Institute_of_TAFE__East_Geelong_Campus_Distance
256,Gordon_Institute_of_TAFE__East_Geelong_ELICOS_Campus_Distance
257,Greenwich_English_College__Melbourne_Distance
258,Harvest_Bible_College_Distance
259,Hays_International_College_Distance
260,Heading_Out_Academy_Distance
261,Headmasters_Advanced_Academy_of_Training_Distance
262,Holmesglen__Holmesglen_Institute__Chadstone_Campus_Distance
263,Holmesglen__Holmesglen_Institute__City_Campus_Distance
264,Holmesglen__Holmesglen_Institute__Waverley_Campus_Distance
265,Holmesglen_Institute__Holmesglen_Moorabbin_Campus_Distance
266,Hospitality_Management_Institute_of_Australia_Distance
267,Impact_English_College__Melbourne_Campus_Distance
268,Imperial_College_of_Technology_and_Management_Distance
269,Institute_of_Health_and_Nursing_Australia_Distance
270,Institute_of_Tertiary_and_Higher_Education_Australia_(ITHEA)_Distance
271,INUS_Australia_Education_and_Training_Distance
272,JMC_Academy_Distance
273,Job_Training_Institute__Dandenong_Campus_Distance
274,Kangan_Batman_Institute_of_TAFE__Docklands_Distance
275,Kangan_Batman_Institute_of_TAFE__Richmond_Distance
276,Kangan_Institute__Moonee_Ponds_Campus_Distance
277,Kaplan_Business_School_Distance
278,La_Trobe_Bundoora_Campus_Distance
279,La_Trobe_University__Albury-Wodonga_Campus_Distance
280,La_Trobe_University__Bendigo_Campus_Distance
281,La_Trobe_University__City_Campus_(Collins_Street)__City_Campus_(Collins_Street)_Distance
282,La_Trobe_University__Mildura_Campus_Distance
283,La_Trobe_University__Shepparton_Campus_Distance
284,Latrobe_College_of_Art_and_Design_Distance
285,Lawson_College_Australia_Distance
286,Lonsdale_Institute__Eurocentres_Melbourne_Distance
287,Marcus_Oldham_College_Distance
288,MEGT_Institute__Melbourne_Campus_Distance
289,Melbourne_College_of_Hair_and_Beauty_Distance
290,Melbourne_Flight_Training_Distance
291,Melbourne_Institute_of_Technology_(Federation_University)__Melbourne_Campus_Distance
292,Melbourne_Polytechnic__Brunswick_Campus_Distance
293,Melbourne_Polytechnic__Epping_Campus_Distance
294,Melbourne_Polytechnic__Fairfield_Campus_Distance
295,Melbourne_Polytechnic__Heidelberg_Campus_Distance
296,Melbourne_Polytechnic__Preston_Campus_Distance
297,Melbourne_Polytechnic__Preston_TAFE_Campus_Distance
298,Melbourne_Rudolf_Steiner_Seminar_Distance
299,Melbourne_School_of_Theology_Distance
300,Melbourne_University__Hawthorn_English_Language_Centre_Distance
301,Melbourne_University__Trinity_College_Distance
302,Menzies_Institute_of_Technology__Adderley_Campus_Distance
303,Menzies_Institute_of_Technology__Batman_Campus_Distance
304,Menzies_Institute_of_Technology__Spencer_Campus_Distance
305,Monash_College__Monash_University_English_Language_Centre_Distance
306,Federation_University_Berwick_Campus_Distance
307,Monash_International__Peninsula_Campus_Distance
308,Monash_University__Caulfield_Campus_Distance
309,Monash_University__City_Campus_Distance
310,Monash_University__Clayton_Campus_Distance
311,Monash_University__Parkville_Campus_(Manning_Building)_Distance
312,Monash_University_English_Language_Centre__Monash_College__City_Campus_Distance
313,Moorabbin_Flying_Services_Distance
314,National_Theatre_(Drama___Ballet_School)_Distance
315,Navitas_College_of_Public_Safety_(NCPS)_Distance
316,North_Melbourne_College_Distance
317,Nova_Institute_of_Technology_Distance
318,Oceania_Polytechnic_Institute_of_Education_(OPIE)_Distance
319,Orange_International_College_Distance
320,Ozford_College_Distance
321,Ozford_College_of_Busines_Distance
322,Ozford_College_of_Business_Distance
323,Pax_Institute_of_Education_Distance
324,Pearson_Aviation__Essendon_Airport_Distance
325,Photography_Studies_College_(PSC)__Melbourne_Campus_Distance
326,Pilgrim_Theological_College_Distance
327,Planetshakers_College_Distance
328,Presbyterian_Theological_College__Box_Hill_Campus_Distance
329,Rabbinical_College_of_Australia_and_N_Z__Distance
330,RC_(Rhodes_College)_Distance
331,Reformed_Theological_College__Geelong_Campus_Distance
332,Ridley_College__Parkville_Campus_Distance
333,RMIT_English_Worldwide_Distance
334,RMIT_Univeristy__Brunswick_Campus_Distance
335,RMIT_University_(RMIT)__City_Campus_Distance
336,RMIT_University__Bundoora_Campus_Distance
337,RMIT_University__Point_Cook_Campus_Distance
338,Royal_Gurkhas_Institute_of_Technology_(RGIT)_Australia__Gurkhas_Institute_of_Hospitality___Management_Distance
339,Royal_Gurkhas_Institute_of_Technology_Australia_(RGIT)_Distance
340,Royal_Victorian_Aero_Club_Distance
341,SAE_Institute_Qantm_College__Melbourne_Campus_Distance
342,School_for_F_M__Alexander_Studies_Distance
343,South_Australian_College_of_English_(SACE)_Melbourne_College_of_English_Distance
344,South_Pacific_Institute_(SPI)__Melbourne_Campus_Distance
345,Southern_Cross_Education_Institute_(SCEI)__Second_Campus_Distance
346,Southern_Cross_Education_Institute_(SCEI)__Third_Campus_Distance
347,Southern_School_of_Natural_Therapies_Distance
348,ST_AEROSPACE_ACADEMY_(AUSTRALIA)_PTY_LTD_2_Bowral_Court__Mitchell_Park_Distance
349,St_Peter_Institute__Bourke_Street_Campus_Distance
350,St_Peter_Institute__Little_Collins_Campus_Distance
351,Stott's_Colleges_(Front_Cooking_School_-_Carlton_Campus)_-_VET_Distance
352,Stott's_Colleges__Box_Hill_Campus_Distance
353,Stott's_Colleges__Melbourne_Campus_Distance
354,Strathfield_College__Melbourne_Campus_Distance
355,Sunraysia_Institute_of_TAFE__Mildura_Campus_Distance
356,Sunshine_College_of_Management_Distance
357,Swinburne__University__of__Technology_Croydon_Campus_Distance
358,Swinburne__University__of_Technology_Wantirna_Campus_Distance
359,Swinburne_University_of_Technology__Hawthorn_Campus_Distance
360,Technical_Education_Development_Institute_Distance
361,Technical_Institute_of_Victoria_Distance
362,The__University_of_Melbourne_Southbank_campus_Distance
363,The_Academy_of_Interactive_Entertainment__Melbourne_Campus_Distance
364,The_Australian_Ballet_School_Distance
365,The_Australian_Conservatoire_of_Ballet__Melbourne_Campus_Distance
366,The_University_of_Melbourne_Burnley_campus_Distance
367,The_University_of_Melbourne_Distance
368,The_University_of_Melbourne_Werribee_campus_Distance
369,TMG_College_Distance
370,Torrens_University__Fitzroy_Campus_Distance
371,Torrens_University__Flinders_st_Campus_Distance
372,Trinity_College_Theological_School_Distance
373,Turner_English__Box_Hill_Campus_Distance
374,Turner_English__Camberwell_Campus_Distance
375,Turner_English__Dandenong_Campus_Distance
376,Turner_English__Melbourne_CBD_Campus_Distance
377,Univeristy_of_Divinity__Whitley_College_Distance
378,Universal_Institute_of_Technology_Distance
379,University_of_Canberra__UC_Melbourne_-_Chadstone_Campus_Distance
380,University_of_Divinity__Stirling_College_Distance
381,University_of_Divinity__Yarra_Theological_Union_Distance
382,Victoria_University__City_Flinders_Distance
383,Victoria_University__City_Flinders_Lane_Distance
384,Victoria_University__City_Queen_Distance
385,Victoria_University__Footscray_Nicholson_Distance
386,Victoria_University__Footscray_Park_Distance
387,Victoria_University__St_Albans_Distance
388,Victoria_University__Sunshine_Distance
389,Victoria_University__Werribee_Distance
390,Victoria_University_City_King_Distance
391,Victorian_Academy_Of_Commerce_and_Technology_Startups_(VACTS)_Distance
392,Victorian_Institute_of_Culinary_Arts___Technology__Main_Campus_-_Spotswood_Distance
393,Victorian_Institute_of_Culinary_Arts___Technology__Regional_Campus_1_-_Kerang_Scoresby_st_Distance
394,Victorian_Institute_of_Culinary_Arts___Technology__Regional_Campus_2_-_Kerang_Wellington_st_Distance
395,Victorian_Institute_of_Culinary_Arts___Technology__Regional_Campus_3_-_Shepparton_Distance
396,VIT_(Victorian_Institute_of_Technology)__Abbotsford_Campus_Distance
397,VIT_(Victorian_Institute_of_Technology)__Melbourne_CBD_Campus_Distance
398,Whitehouse_Institute_of_Design__Australia_Distance
399,William_Angliss_Institute_Distance
400,Yorke_Institute_Distance
401,UNIVERSITY_CAMPUS_LONG.y
402,AAPoly__Melbourne_Campus_Rank
403,Academia_International__Melbourne_Campus_Rank
404,Acumen_Institute_of_Further_Education__CBD_Campus_Rank
405,Acumen_Institute_of_Further_Education__Richmond_Campus_Rank
406,AGB_Training__Geelong_Campus_Rank
407,ALACC_Health_College__Australia_Rank
408,Alfred_Deakin_College_(MIBT)__Waurn_Ponds_Campus_Rank
409,ALTEC_College__Melbourne_Campus_Rank
410,Angad_Australian_Institute_of_Technology__La_Trobe_st_Campus_Rank
411,AOI_Institute_Rank
412,Ashton_College__Footscray_Campus_Rank
413,Ashton_College__Hallam_Campus_Rank
414,Ashton_College__Hospitality_Campus_Rank
415,Ashton_College__Northcote_Campus_Rank
416,Australian_Academy_of_Fashion_Design_Rank
417,Australian_Careers_Education__Donald_Street_Campus_(Aurora_Building)_Rank
418,Australian_Careers_Education__Victoria_Street_Campus_Rank
419,Australian_Catholic_Univeristy__Melbourne_Campus_Rank
420,Australian_Catholic_University__Ballarat_Campus_Rank
421,Australian_Centre_of_Further_Education_Rank
422,Australian_College_of_Applied_Psychology__ACAP_-_Melbourne_Campus_Rank
423,Australian_College_of_Sport__Basketball__Melbourne_Campus_Rank
424,Australian_College_of_Theology_Rank
425,Australian_College_of_Trade__Thornbury_Campus_Rank
426,Australian_Education_Academy__10_Blissington_Street__Springvale_Rank
427,Australian_Institute_of_Technical_Training__(AITT)__Melbourne_Campus_Rank
428,Australian_Institute_of_Trades__Institute_of_Hotel_Management_Australia_Rank
429,Australian_Institute_of_Translation___Interpretation_(AITI)__Melbourne_Campus_Rank
430,Australian_IT___Hospitality_Institute__Footscray_Campus_Rank
431,Australian_National_Airline_College_Rank
432,Australian_National_College__Franklin_Street_Campus_Rank
433,Australian_National_Institute_of_Business___Technology_(ANIBT)__Melbourne_Campus_Rank
434,Australian_Pacific_College__Melbourne_Campus_Rank
435,Australian_Study_Link_Institute_Rank
436,AVETA_-_Australian_Vocational_Education___Training_Academy_Rank
437,Barkly_International_College__City_Campus_Rank
438,Barkly_International_College__North_Melbourne_Campus___Automotive_Workshop_Rank
439,Baxter_Institute__Automotive___Bakery_Campus_Rank
440,Baxter_Institute__Fabrication_campus_Rank
441,Baxter_Institute__Hairdressing_and_Beauty_Campus_(Flinders_Street)_Rank
442,Beaconhills_College_Rank
443,Bendigo_TAFE__Bendigo_Rank
444,Bendigo_TAFE_and_Kangan_Institute__Broadmeadows_Campus_Rank
445,Biba_Academy__Swantson_street_Campus_Rank
446,Box_Hill_Institute__City_Campus_Rank
447,Box_Hill_Institute_Rank
448,Brighton_Institute_of_Technology_Rank
449,Catholic_Theological_College_(CTC)__Melbourne_College_of_Divinity_-_East_Melbourne_Campus_Rank
450,Central_Australian_College_(CAC)__Melbourne_Campus_Rank
451,Central_Melbourne_Institute_(CMI)__City_Campus_Rank
452,Central_Melbourne_Institute_Rank
453,Central_Queensland_University_City_Campus_Rank
454,Charles_Sturt_University_Study_Centres__Melbourne_Rank
455,Chisholm_Institue__Chisholm_At_331_Rank
456,Chisholm_Institute__Bass_Coast_Rank
457,Chisholm_Institute__Cranbourne_Campus_Rank
458,Chisholm_Institute__Dandenong_Campus_Rank
459,Chisholm_Institute__Flinders_Lane_Campus_Rank
460,Chisholm_Institute__Melbourne_City_Campus_Rank
461,Collarts_-_Australian_College_of_the_Arts_Rank
462,Dalton_College_Rank
463,Dance_Factory_Rank
464,Deakin_College_(MIBT)__Burwood_Campus_Rank
465,Deakin_University__Geelong_Waterfront_Campus_Rank
466,Deakin_University__Warrnambool_Campus_Rank
467,Deakin_University__Waurn_Ponds_Campus_Rank
468,Della_International_College__City_Campus_Rank
469,Della_International_College__Sunshine_Campus_Rank
470,Department_of_Education_and_Training__Victoria_Rank
471,East_West_College_Of_Natural_Therapies_Rank
472,Education_Access_Australia_Rank
473,Education_Training___Employment_Australia__ETEA_Rank
474,Elite_Training_Institute_Rank
475,Elly_Lukas_Beauty_Therapy_College_Rank
476,ELSIS__Melbourne_Campus_Rank
477,Endeavour_College_of_Natural_Health__Melbourne_Campus_Rank
478,Everest_Institute_of_Education_Rank
479,Explore_English_Rank
480,Federation_University__Ballarat_Campus_Rank
481,Federation_University__Gippsland_Campus_Rank
482,Federation_University__Wimmera_Campus_Rank
483,Flinders_International_College_Rank
484,Fusion_Enlgish__Melbourne_Campus_Rank
485,Global_Business_College_Of_Australia_Rank
486,Gordon_Institute_of_TAFE__East_Geelong_Campus_Rank
487,Gordon_Institute_of_TAFE__East_Geelong_ELICOS_Campus_Rank
488,Greenwich_English_College__Melbourne_Rank
489,Harvest_Bible_College_Rank
490,Hays_International_College_Rank
491,Heading_Out_Academy_Rank
492,Headmasters_Advanced_Academy_of_Training_Rank
493,Holmesglen__Holmesglen_Institute__Chadstone_Campus_Rank
494,Holmesglen__Holmesglen_Institute__City_Campus_Rank
495,Holmesglen__Holmesglen_Institute__Waverley_Campus_Rank
496,Holmesglen_Institute__Holmesglen_Moorabbin_Campus_Rank
497,Hospitality_Management_Institute_of_Australia_Rank
498,Impact_English_College__Melbourne_Campus_Rank
499,Imperial_College_of_Technology_and_Management_Rank
500,Institute_of_Health_and_Nursing_Australia_Rank
501,Institute_of_Tertiary_and_Higher_Education_Australia_(ITHEA)_Rank
502,INUS_Australia_Education_and_Training_Rank
503,JMC_Academy_Rank
504,Job_Training_Institute__Dandenong_Campus_Rank
505,Kangan_Batman_Institute_of_TAFE__Docklands_Rank
506,Kangan_Batman_Institute_of_TAFE__Richmond_Rank
507,Kangan_Institute__Moonee_Ponds_Campus_Rank
508,Kaplan_Business_School_Rank
509,La_Trobe_Bundoora_Campus_Rank
510,La_Trobe_University__Albury-Wodonga_Campus_Rank
511,La_Trobe_University__Bendigo_Campus_Rank
512,La_Trobe_University__City_Campus_(Collins_Street)__City_Campus_(Collins_Street)_Rank
513,La_Trobe_University__Mildura_Campus_Rank
514,La_Trobe_University__Shepparton_Campus_Rank
515,Latrobe_College_of_Art_and_Design_Rank
516,Lawson_College_Australia_Rank
517,Lonsdale_Institute__Eurocentres_Melbourne_Rank
518,Marcus_Oldham_College_Rank
519,MEGT_Institute__Melbourne_Campus_Rank
520,Melbourne_College_of_Hair_and_Beauty_Rank
521,Melbourne_Flight_Training_Rank
522,Melbourne_Institute_of_Technology_(Federation_University)__Melbourne_Campus_Rank
523,Melbourne_Polytechnic__Brunswick_Campus_Rank
524,Melbourne_Polytechnic__Epping_Campus_Rank
525,Melbourne_Polytechnic__Fairfield_Campus_Rank
526,Melbourne_Polytechnic__Heidelberg_Campus_Rank
527,Melbourne_Polytechnic__Preston_Campus_Rank
528,Melbourne_Polytechnic__Preston_TAFE_Campus_Rank
529,Melbourne_Rudolf_Steiner_Seminar_Rank
530,Melbourne_School_of_Theology_Rank
531,Melbourne_University__Hawthorn_English_Language_Centre_Rank
532,Melbourne_University__Trinity_College_Rank
533,Menzies_Institute_of_Technology__Adderley_Campus_Rank
534,Menzies_Institute_of_Technology__Batman_Campus_Rank
535,Menzies_Institute_of_Technology__Spencer_Campus_Rank
536,Monash_College__Monash_University_English_Language_Centre_Rank
537,Federation_University_Berwick_Campus_Rank
538,Monash_International__Peninsula_Campus_Rank
539,Monash_University__Caulfield_Campus_Rank
540,Monash_University__City_Campus_Rank
541,Monash_University__Clayton_Campus_Rank
542,Monash_University__Parkville_Campus_(Manning_Building)_Rank
543,Monash_University_English_Language_Centre__Monash_College__City_Campus_Rank
544,Moorabbin_Flying_Services_Rank
545,National_Theatre_(Drama___Ballet_School)_Rank
546,Navitas_College_of_Public_Safety_(NCPS)_Rank
547,North_Melbourne_College_Rank
548,Nova_Institute_of_Technology_Rank
549,Oceania_Polytechnic_Institute_of_Education_(OPIE)_Rank
550,Orange_International_College_Rank
551,Ozford_College_of_Busines_Rank
552,Ozford_College_of_Business_Rank
553,Ozford_College_Rank
554,Pax_Institute_of_Education_Rank
555,Pearson_Aviation__Essendon_Airport_Rank
556,Photography_Studies_College_(PSC)__Melbourne_Campus_Rank
557,Pilgrim_Theological_College_Rank
558,Planetshakers_College_Rank
559,Presbyterian_Theological_College__Box_Hill_Campus_Rank
560,Rabbinical_College_of_Australia_and_N_Z__Rank
561,RC_(Rhodes_College)_Rank
562,Reformed_Theological_College__Geelong_Campus_Rank
563,Ridley_College__Parkville_Campus_Rank
564,RMIT_English_Worldwide_Rank
565,RMIT_Univeristy__Brunswick_Campus_Rank
566,RMIT_University_(RMIT)__City_Campus_Rank
567,RMIT_University__Bundoora_Campus_Rank
568,RMIT_University__Point_Cook_Campus_Rank
569,Royal_Gurkhas_Institute_of_Technology_(RGIT)_Australia__Gurkhas_Institute_of_Hospitality___Management_Rank
570,Royal_Gurkhas_Institute_of_Technology_Australia_(RGIT)_Rank
571,Royal_Victorian_Aero_Club_Rank
572,SAE_Institute_Qantm_College__Melbourne_Campus_Rank
573,School_for_F_M__Alexander_Studies_Rank
574,South_Australian_College_of_English_(SACE)_Melbourne_College_of_English_Rank
575,South_Pacific_Institute_(SPI)__Melbourne_Campus_Rank
576,Southern_Cross_Education_Institute_(SCEI)__Second_Campus_Rank
577,Southern_Cross_Education_Institute_(SCEI)__Third_Campus_Rank
578,Southern_School_of_Natural_Therapies_Rank
579,ST_AEROSPACE_ACADEMY_(AUSTRALIA)_PTY_LTD_2_Bowral_Court__Mitchell_Park_Rank
580,St_Peter_Institute__Bourke_Street_Campus_Rank
581,St_Peter_Institute__Little_Collins_Campus_Rank
582,Stott's_Colleges_(Front_Cooking_School_-_Carlton_Campus)_-_VET_Rank
583,Stott's_Colleges__Box_Hill_Campus_Rank
584,Stott's_Colleges__Melbourne_Campus_Rank
585,Strathfield_College__Melbourne_Campus_Rank
586,Sunraysia_Institute_of_TAFE__Mildura_Campus_Rank
587,Sunshine_College_of_Management_Rank
588,Swinburne__University__of__Technology_Croydon_Campus_Rank
589,Swinburne__University__of_Technology_Wantirna_Campus_Rank
590,Swinburne_University_of_Technology__Hawthorn_Campus_Rank
591,Technical_Education_Development_Institute_Rank
592,Technical_Institute_of_Victoria_Rank
593,The__University_of_Melbourne_Southbank_campus_Rank
594,The_Academy_of_Interactive_Entertainment__Melbourne_Campus_Rank
595,The_Australian_Ballet_School_Rank
596,The_Australian_Conservatoire_of_Ballet__Melbourne_Campus_Rank
597,The_University_of_Melbourne_Burnley_campus_Rank
598,The_University_of_Melbourne_Rank
599,The_University_of_Melbourne_Werribee_campus_Rank
600,TMG_College_Rank
601,Torrens_University__Fitzroy_Campus_Rank
602,Torrens_University__Flinders_st_Campus_Rank
603,Trinity_College_Theological_School_Rank
604,Turner_English__Box_Hill_Campus_Rank
605,Turner_English__Camberwell_Campus_Rank
606,Turner_English__Dandenong_Campus_Rank
607,Turner_English__Melbourne_CBD_Campus_Rank
608,Univeristy_of_Divinity__Whitley_College_Rank
609,Universal_Institute_of_Technology_Rank
610,University_of_Canberra__UC_Melbourne_-_Chadstone_Campus_Rank
611,University_of_Divinity__Stirling_College_Rank
612,University_of_Divinity__Yarra_Theological_Union_Rank
613,Victoria_University__City_Flinders_Lane_Rank
614,Victoria_University__City_Flinders_Rank
615,Victoria_University__City_Queen_Rank
616,Victoria_University__Footscray_Nicholson_Rank
617,Victoria_University__Footscray_Park_Rank
618,Victoria_University__St_Albans_Rank
619,Victoria_University__Sunshine_Rank
620,Victoria_University__Werribee_Rank
621,Victoria_University_City_King_Rank
622,Victorian_Academy_Of_Commerce_and_Technology_Startups_(VACTS)_Rank
623,Victorian_Institute_of_Culinary_Arts___Technology__Main_Campus_-_Spotswood_Rank
624,Victorian_Institute_of_Culinary_Arts___Technology__Regional_Campus_1_-_Kerang_Scoresby_st_Rank
625,Victorian_Institute_of_Culinary_Arts___Technology__Regional_Campus_2_-_Kerang_Wellington_st_Rank
626,Victorian_Institute_of_Culinary_Arts___Technology__Regional_Campus_3_-_Shepparton_Rank
627,VIT_(Victorian_Institute_of_Technology)__Abbotsford_Campus_Rank
628,VIT_(Victorian_Institute_of_Technology)__Melbourne_CBD_Campus_Rank
629,Whitehouse_Institute_of_Design__Australia_Rank
630,William_Angliss_Institute_Rank
631,Yorke_Institute_Rank
632,NUMBER_OF_MEDICAL_WORKERS
633,TOTAL_MED_STAFF_PER_SUBURB
634,SUBURB_MED_STAFF_PRESENCE_BY_TYPE_RANK
635,POP_PER_DOC
636,POP_PER_DOC_TYPE
637,TOTAL_VIC_MED_STAFF
638,REAL_SUBURB_MED_STAFF_PRESENCE_RANK
639,SUBURB_ADJUSTED_MED_STAFF_PRESENCE_RANK
640,SUBURB_ADJUSTED_MED_STAFF_BY_TYPE_PRESENCE_RANK
641,POPULATION_ADJUSTED_MED_STAFF_RATING
642,SUBURB_MED_FAC_FLAG
643,SUBURB_PATHOLOGY_AND_DIAGNOSTIC_IMAGING_SERVICES_FAC_FLAG
644,SUBURB_CHIROPRACTIC_AND_OSTEOPATHIC_SERVICES_FAC_FLAG
645,SUBURB_HOSPITALS_EXCEPT_PSYCHIATRIC_HOSPITALS_FAC_FLAG
646,SUBURB_AGED_CARE_RESIDENTIAL_SERVICES_FAC_FLAG
647,SUBURB_OTHER_ALLIED_HEALTH_SERVICES_FAC_FLAG
648,SUBURB_GENERAL_PRACTICE_MEDICAL_SERVICES_FAC_FLAG
649,SUBURB_PHYSIOTHERAPY_SERVICES_FAC_FLAG
650,SUBURB_SPECIALIST_MEDICAL_SERVICES_FAC_FLAG
651,SUBURB_DENTAL_SERVICES_FAC_FLAG
652,SUBURB_OPTOMETRY_OPTICAL_DISPENSING_SERVICES_FAC_FLAG
653,SUBURB_OTHER_HEALTH_CARE_SERVICES_FAC_FLAG
654,SUBURB_AMBULANCE_SERVICES_FAC_FLAG
655,SUBURB_RESIDENTIAL_CARE_SERVICES_FAC_FLAG
656,SUBURB_ALLIED_HEALTH_SERVICES_FAC_FLAG
657,SUBURB_PSYCHIATRIC_HOSPITALS_FAC_FLAG
658,SUBURB_HOSPITAL_FAC_FLAG
659,SUBURB_MEDICAL_SERVICES_FAC_FLAG
660,SUBURB_OTHER_RESIDENTIAL_CARE_SERVICES_FAC_FLAG
661,SUBURB_MEDICAL_AND_OTHER_HEALTH_CARE_SERVICES_FAC_FLAG
662,Aged_Care_Residential_Services
663,Allied_Health_Services
664,Ambulance_Services
665,Chiropractic_and_Osteopathic_Services
666,Dental_Services
667,General_Practice_Medical_Services
668,Hospitals
669,Hospitals_except_Psychiatric_Hospitals
670,Medical_and_Other_Health_Care_Services
671,Medical_Services
672,No_medical_facilities_in_the_area
673,Optometry_and_Optical_Dispensing
674,Other_Allied_Health_Services
675,Other_Residential_Care_Services
676,Pathology_and_Diagnostic_Imaging_Services
677,Physiotherapy_Services
678,Psychiatric_Hospitals
679,Residential_Care_Services
680,Specialist_Medical_Services
681,NUMBER_OF_POLICE_PLACE_OF_WORK
682,SUBURB_POLICE_STATION_FLAG
683,POP_PER_COP
684,TOTAL_VIC_POL
685,SUBURB_POLICE_PRESENCE_RANK
686,SUBURB_ADJUSTED_POLICE_PRESENCE_RANK
687,POPULATION_ADJUSTED_POLICE_RATING
688,Acholi_Population
689,African_Languages__nec_Population
690,African_Languages__nfd_Population
691,Afrikaans_Population
692,Akan_Population
693,Albanian_Population
694,Amharic_Population
695,Anuak_Population
696,Arabic_Population
697,Armenian_Population
698,Assyrian_Neo_Aramaic_Population
699,Bengali_Population
700,Bisaya_Population
701,Bosnian_Population
702,Bulgarian_Population
703,Burmese_and_Related_Languages__nec_Population
704,Burmese_and_Related_Languages__nfd_Population
705,Burmese_Population
706,Cantonese_Population
707,Catalan_Population
708,Cebuano_Population
709,Chaldean_Neo_Aramaic_Population
710,Chin_Haka_Population
711,Chinese__nfd_Population
712,Creole__nfd_Population
713,Croatian_Population
714,Czech_Population
715,Danish_Population
716,Dari_Population
717,Dhivehi_Population
718,Dinka_Population
719,Dravidian__nec_Population
720,Dutch_Population
721,English_Population
722,Estonian_Population
723,Fijian_Population
724,Filipino_Population
725,Finnish_Population
726,French_Creole__nfd_Population
727,French_Population
728,German_Population
729,Greek_Population
730,Gujarati_Population
731,Hakka_Population
732,Harari_Population
733,Hausa_Population
734,Hazaraghi_Population
735,Hebrew_Population
736,Hindi_Population
737,Hungarian_Population
738,Iban_Population
739,Igbo_Population
740,Ilonggo__Hiligaynon__Population
741,Inadequately_described_Population
742,Indonesian_Population
743,Iranic__nfd_Population
744,Italian_Population
745,Japanese_Population
746,Kannada_Population
747,Karen_Population
748,Khmer_Population
749,Kinyarwanda__Rwanda__Population
750,Kirundi__Rundi__Population
751,Konkani_Population
752,Korean_Population
753,Kurdish_Population
754,Lao_Population
755,Lithuanian_Population
756,Loma__Lorma__Population
757,Luganda_Population
758,Macedonian_Population
759,Malay_Population
760,Malayalam_Population
761,Maltese_Population
762,Mandarin_Population
763,Maori__Cook_Island__Population
764,Maori__New_Zealand__Population
765,Marathi_Population
766,Mauritian_Creole_Population
767,Min_Nan_Population
768,Mongolian_Population
769,Nepali_Population
770,Norwegian_Population
771,Not_stated_Population
772,Nuer_Population
773,Nyanja__Chichewa__Population
774,Oriya_Population
775,Oromo_Population
776,Other_Southern_Asian_Languages_Population
777,Pashto_Population
778,Persian__excluding_Dari__Population
779,Pidgin__nfd_Population
780,Polish_Population
781,Portuguese_Population
782,Punjabi_Population
783,Rohingya_Population
784,Romanian_Population
785,Russian_Population
786,Samoan_Population
787,Serbian_Population
788,Shilluk_Population
789,Shona_Population
790,Sindhi_Population
791,Sinhalese_Population
792,Slovak_Population
793,Slovene_Population
794,Somali_Population
795,Southern_Asian_Languages__nfd_Population
796,Spanish_Population
797,Swahili_Population
798,Swedish_Population
799,Tagalog_Population
800,Tamil_Population
801,Telugu_Population
802,Tetum_Population
803,Thai_Population
804,Tibetan_Population
805,Tigrinya_Population
806,Tok_Pisin__Neomelanesian__Population
807,Tongan_Population
808,Tswana_Population
809,Turkish_Population
810,Tuvaluan_Population
811,Ukrainian_Population
812,Urdu_Population
813,Vietnamese_Population
814,Wu_Population
815,Yoruba_Population
816,Zomi_Population
817,SUBURB_SPEAKS_ABORIGINAL_ENGLISH
818,SUBURB_SPEAKS_ACHOLI
819,SUBURB_SPEAKS_AFRICAN_LANGUAGES
820,SUBURB_SPEAKS_AFRIKAANS
821,SUBURB_SPEAKS_AKAN
822,SUBURB_SPEAKS_ALBANIAN
823,SUBURB_SPEAKS_AMERICAN_LANGUAGES
824,SUBURB_SPEAKS_AMHARIC
825,SUBURB_SPEAKS_ANUAK
826,SUBURB_SPEAKS_ARABIC
827,SUBURB_SPEAKS_ARMENIAN
828,SUBURB_SPEAKS_AROMUNIAN_(MACEDO-ROMANIAN)
829,SUBURB_SPEAKS_ASSAMESE
830,SUBURB_SPEAKS_ASSYRIAN_NEO-ARAMAIC
831,SUBURB_SPEAKS_AUSLAN
832,SUBURB_SPEAKS_AUSTRALIAN_INDIGENOUS_LANGUAGES
833,SUBURB_SPEAKS_AZERI
834,SUBURB_SPEAKS_BALINESE
835,SUBURB_SPEAKS_BALOCHI
836,SUBURB_SPEAKS_BARI
837,SUBURB_SPEAKS_BASQUE
838,SUBURB_SPEAKS_BASSA
839,SUBURB_SPEAKS_BELORUSSIAN
840,SUBURB_SPEAKS_BEMBA
841,SUBURB_SPEAKS_BENGALI
842,SUBURB_SPEAKS_BIDJARA
843,SUBURB_SPEAKS_BIKOL
844,SUBURB_SPEAKS_BISAYA
845,SUBURB_SPEAKS_BISLAMA
846,SUBURB_SPEAKS_BOSNIAN
847,SUBURB_SPEAKS_BULGARIAN
848,SUBURB_SPEAKS_BURMESE
849,SUBURB_SPEAKS_BURMESE_AND_RELATED_LANGUAGES
850,SUBURB_SPEAKS_CANTONESE
851,SUBURB_SPEAKS_CATALAN
852,SUBURB_SPEAKS_CEBUANO
853,SUBURB_SPEAKS_CELTIC
854,SUBURB_SPEAKS_CHALDEAN_NEO-ARAMAIC
855,SUBURB_SPEAKS_CHIN_HAKA
856,SUBURB_SPEAKS_CHINESE
857,SUBURB_SPEAKS_CREOLE
858,SUBURB_SPEAKS_CROATIAN
859,SUBURB_SPEAKS_CYPRIOT
860,SUBURB_SPEAKS_CZECH
861,SUBURB_SPEAKS_CZECHOSLOVAKIAN
862,SUBURB_SPEAKS_DAN_(GIO-DAN)
863,SUBURB_SPEAKS_DANISH
864,SUBURB_SPEAKS_DARI
865,SUBURB_SPEAKS_DHIVEHI
866,SUBURB_SPEAKS_DINKA
867,SUBURB_SPEAKS_DJAMBARRPUYNGU
868,SUBURB_SPEAKS_DRAVIDIAN
869,SUBURB_SPEAKS_DUTCH
870,SUBURB_SPEAKS_EASTERN_EUROPEAN_LANGUAGES
871,SUBURB_SPEAKS_ENGLISH
872,SUBURB_SPEAKS_ESTONIAN
873,SUBURB_SPEAKS_EWE
874,SUBURB_SPEAKS_FIJIAN
875,SUBURB_SPEAKS_FIJIAN_HINDUSTANI
876,SUBURB_SPEAKS_FILIPINO
877,SUBURB_SPEAKS_FINNISH
878,SUBURB_SPEAKS_FRENCH
879,SUBURB_SPEAKS_FRENCH_CREOLE
880,SUBURB_SPEAKS_FRISIAN
881,SUBURB_SPEAKS_FULFULDE
882,SUBURB_SPEAKS_GA
883,SUBURB_SPEAKS_GAELIC_(SCOTLAND)
884,SUBURB_SPEAKS_GEORGIAN
885,SUBURB_SPEAKS_GERMAN
886,SUBURB_SPEAKS_GILBERTESE
887,SUBURB_SPEAKS_GREEK
888,SUBURB_SPEAKS_GUJARATI
889,SUBURB_SPEAKS_GUUGU_YIMIDHIRR
890,SUBURB_SPEAKS_HAKKA
891,SUBURB_SPEAKS_HARARI
892,SUBURB_SPEAKS_HAUSA
893,SUBURB_SPEAKS_HAZARAGHI
894,SUBURB_SPEAKS_HEBREW
895,SUBURB_SPEAKS_HINDI
896,SUBURB_SPEAKS_HMONG
897,SUBURB_SPEAKS_HUNGARIAN
898,SUBURB_SPEAKS_IBAN
899,SUBURB_SPEAKS_IBERIAN_ROMANCE
900,SUBURB_SPEAKS_ICELANDIC
901,SUBURB_SPEAKS_IGBO
902,SUBURB_SPEAKS_IIOKANO
903,SUBURB_SPEAKS_ILONGGO_(HILIGAYNON)
904,SUBURB_SPEAKS_INADEQUATELY_DESCRIBED
905,SUBURB_SPEAKS_INDO-ARYAN
906,SUBURB_SPEAKS_INDONESIAN
907,SUBURB_SPEAKS_INVENTED_LANGUAGES
908,SUBURB_SPEAKS_IRANIC
909,SUBURB_SPEAKS_IRISH
910,SUBURB_SPEAKS_ITALIAN
911,SUBURB_SPEAKS_JAPANESE
912,SUBURB_SPEAKS_JAVANESE
913,SUBURB_SPEAKS_KANAI
914,SUBURB_SPEAKS_KANNADA
915,SUBURB_SPEAKS_KAREN
916,SUBURB_SPEAKS_KASHMIRI
917,SUBURB_SPEAKS_KEY_WORD_SIGN_AUSTRALIA
918,SUBURB_SPEAKS_KHMER
919,SUBURB_SPEAKS_KIKUYU
920,SUBURB_SPEAKS_KINYARWANDA_(RWANDA)
921,SUBURB_SPEAKS_KIRUNDI_(RUNDI)
922,SUBURB_SPEAKS_KONKANI
923,SUBURB_SPEAKS_KOREAN
924,SUBURB_SPEAKS_KRAHN
925,SUBURB_SPEAKS_KRIO
926,SUBURB_SPEAKS_KRIOL
927,SUBURB_SPEAKS_KUNE
928,SUBURB_SPEAKS_KURDISH
929,SUBURB_SPEAKS_LAO
930,SUBURB_SPEAKS_LATIN
931,SUBURB_SPEAKS_LATVIAN
932,SUBURB_SPEAKS_LETZEBURGISH
933,SUBURB_SPEAKS_LIBERIAN_(LIBERIAN_ENGLISH)
934,SUBURB_SPEAKS_LINGALA
935,SUBURB_SPEAKS_LITHUANIAN
936,SUBURB_SPEAKS_LOMA_(LORMA)
937,SUBURB_SPEAKS_LUGANDA
938,SUBURB_SPEAKS_LUO
939,SUBURB_SPEAKS_MACEDONIAN
940,SUBURB_SPEAKS_MADI
941,SUBURB_SPEAKS_MALAY
942,SUBURB_SPEAKS_MALAYALAM
943,SUBURB_SPEAKS_MALTESE
944,SUBURB_SPEAKS_MANDAEAN_(MANDAIC)
945,SUBURB_SPEAKS_MANDARIN
946,SUBURB_SPEAKS_MANDINKA
947,SUBURB_SPEAKS_MANN
948,SUBURB_SPEAKS_MANYJILYJARRA
949,SUBURB_SPEAKS_MAORI_(COOK_ISLAND)
950,SUBURB_SPEAKS_MAORI_(NEW_ZEALAND)
951,SUBURB_SPEAKS_MARATHI
952,SUBURB_SPEAKS_MAURITIAN_CREOLE
953,SUBURB_SPEAKS_MIDDLE_EASTERN_SEMITIC_LANGUAGES
954,SUBURB_SPEAKS_MIN_NAN
955,SUBURB_SPEAKS_MON
956,SUBURB_SPEAKS_MON-KHMER
957,SUBURB_SPEAKS_MONGOLIAN
958,SUBURB_SPEAKS_MORO_(NUBA_MORO)
959,SUBURB_SPEAKS_MOTU_(HIRIMOTU)
960,SUBURB_SPEAKS_MURRINH_PATHA
961,SUBURB_SPEAKS_NAURUAN
962,SUBURB_SPEAKS_NDEBELE
963,SUBURB_SPEAKS_NEPALI
964,SUBURB_SPEAKS_NGARRINDJERI
965,SUBURB_SPEAKS_NIUE
966,SUBURB_SPEAKS_NORF'K-PITCAIRN
967,SUBURB_SPEAKS_NORWEGIAN
968,SUBURB_SPEAKS_NUER
969,SUBURB_SPEAKS_NYANJA_(CHICHEWA)
970,SUBURB_SPEAKS_NYUNGAR
971,SUBURB_SPEAKS_OCEANIAN_PIDGINS_AND_CREOLES
972,SUBURB_SPEAKS_ORIYA
973,SUBURB_SPEAKS_OROMO
974,SUBURB_SPEAKS_OTHER_EASTERN_ASIAN_LANGUAGES
975,SUBURB_SPEAKS_OTHER_SOUTHEAST_ASIAN_LANGUAGES
976,SUBURB_SPEAKS_OTHER_SOUTHERN_ASIAN_LANGUAGES
977,SUBURB_SPEAKS_OTHER_SOUTHERN_EUROPEAN_LANGUAGES
978,SUBURB_SPEAKS_PAAKANTYI
979,SUBURB_SPEAKS_PACIFIC_AUSTRONESIAN_LANGUAGES
980,SUBURB_SPEAKS_PAMPANGAN
981,SUBURB_SPEAKS_PAPUA_NEW_GUINEA_LANGUAGES
982,SUBURB_SPEAKS_PASHTO
983,SUBURB_SPEAKS_PERSIAN_(EXCLUDING_DARI)
984,SUBURB_SPEAKS_PIDGIN
985,SUBURB_SPEAKS_PITJANTJATJARA
986,SUBURB_SPEAKS_POLISH
987,SUBURB_SPEAKS_PORTUGUESE
988,SUBURB_SPEAKS_PORTUGUESE_CREOLE
989,SUBURB_SPEAKS_PUNJABI
990,SUBURB_SPEAKS_ROHINGYA
991,SUBURB_SPEAKS_ROMANIAN
992,SUBURB_SPEAKS_ROMANY
993,SUBURB_SPEAKS_ROTUMAN
994,SUBURB_SPEAKS_RUSSIAN
995,SUBURB_SPEAKS_SAMOAN
996,SUBURB_SPEAKS_SCANDINAVIAN
997,SUBURB_SPEAKS_SERBIAN
998,SUBURB_SPEAKS_SERBO-CROATIAN/YUGOSLAVIAN
999,SUBURB_SPEAKS_SEYCHELLES_CREOLE
1000,SUBURB_SPEAKS_SHILLUK
1001,SUBURB_SPEAKS_SHONA
1002,SUBURB_SPEAKS_SIGN_LANGUAGES
1003,SUBURB_SPEAKS_SINDHI
1004,SUBURB_SPEAKS_SINHALESE
1005,SUBURB_SPEAKS_SLOVAK
1006,SUBURB_SPEAKS_SLOVENE
1007,SUBURB_SPEAKS_SOMALI
1008,SUBURB_SPEAKS_SOUTHEAST_ASIAN_AUSTRONESIAN_LANGUAGES
1009,SUBURB_SPEAKS_SOUTHERN_ASIAN_LANGUAGES
1010,SUBURB_SPEAKS_SPANISH
1011,SUBURB_SPEAKS_SPANISH_CREOLE
1012,SUBURB_SPEAKS_SWAHILI
1013,SUBURB_SPEAKS_SWEDISH
1014,SUBURB_SPEAKS_SWISS
1015,SUBURB_SPEAKS_TAGALOG
1016,SUBURB_SPEAKS_TAI
1017,SUBURB_SPEAKS_TAMIL
1018,SUBURB_SPEAKS_TATAR
1019,SUBURB_SPEAKS_TELUGU
1020,SUBURB_SPEAKS_TETUM
1021,SUBURB_SPEAKS_THAI
1022,SUBURB_SPEAKS_TIBETAN
1023,SUBURB_SPEAKS_TIGRE
1024,SUBURB_SPEAKS_TIGRINYA
1025,SUBURB_SPEAKS_TIMORESE
1026,SUBURB_SPEAKS_TOK_PISIN_(NEOMELANESIAN)
1027,SUBURB_SPEAKS_TOKELAUAN
1028,SUBURB_SPEAKS_TONGAN
1029,SUBURB_SPEAKS_TSWANA
1030,SUBURB_SPEAKS_TULU
1031,SUBURB_SPEAKS_TURKIC
1032,SUBURB_SPEAKS_TURKISH
1033,SUBURB_SPEAKS_TURKMEN
1034,SUBURB_SPEAKS_TUVALUAN
1035,SUBURB_SPEAKS_UKRAINIAN
1036,SUBURB_SPEAKS_URDU
1037,SUBURB_SPEAKS_UYGUR
1038,SUBURB_SPEAKS_UZBEK
1039,SUBURB_SPEAKS_VIETNAMESE
1040,SUBURB_SPEAKS_WAJARRI
1041,SUBURB_SPEAKS_WARLPIRI
1042,SUBURB_SPEAKS_WELSH
1043,SUBURB_SPEAKS_WERGAIA
1044,SUBURB_SPEAKS_WIRADJURI
1045,SUBURB_SPEAKS_WU
1046,SUBURB_SPEAKS_XHOSA
1047,SUBURB_SPEAKS_YANKUNYTJATJARA
1048,SUBURB_SPEAKS_YIDDISH
1049,SUBURB_SPEAKS_YIDINY
1050,SUBURB_SPEAKS_YOLNGU_MATHA
1051,SUBURB_SPEAKS_YORTA_YORTA
1052,SUBURB_SPEAKS_YORUBA
1053,SUBURB_SPEAKS_YUMPLATOK_(TORRES_STRAIT_CREOLE)
1054,SUBURB_SPEAKS_ZOMI
1055,SUBURB_SPEAKS_ZULU
1056,INT_STUDENT_RENTAL_PRICE_BRACKET
1057,NUMBER_OF_INT_STUDENTS_IN_RENTAL_BRACKET
1058,INTERNATIONAL_STUDENTS_RENTING_IN_SUBURB
1059,AVG_RENTAL_EXPENDITURE_PER_INT_STUDENT_PER_SUBURB
1060,AVG_RENTAL_EXPENDITURE_FOR_INT_STUDENTS_IN_VICTORIA
1061,VIC_INT_STUDENT_MOST_COMMON_EXPENSE_TIER
1062,VIC_TOTAL_CRIME_STATS
1063,TOTAL_CRIME_IN_SUBURB_STATS
1064,AVG_CRIME_PER_SUBURB_VIC_STATS
